GEOID,CBG,Count,Label
420710001001,1500000US420710001001,19.50,Margin of Error Median gross rent as a percentage of household income
420710001001,1500000US420710001001,36.80,Median gross rent as a percentage of household income
420710001001,1500000US420710001001,124.00,Margin of Error Median Gross Rent
420710001001,1500000US420710001001,784.00,Median gross rent
420710001001,1500000US420710001001,17525.00,Margin of Error Median household income in the past 12 months
420710001001,1500000US420710001001,29028.00,Median household income in the past 12 months
420710001001,1500000US420710001001,NA,Median value
420710001001,1500000US420710001001,NA,Margin of Error Median value
420710001001,1500000US420710001001,NA,Ideal Income
420710001001,1500000US420710001001,NA,Ideal median household Income - Actual median household Income
420710001001,1500000US420710001001,NA,Ideal median household income/Actual median household income
420710001002,1500000US420710001002,2.15,Ideal median household income/Actual median household income
420710001002,1500000US420710001002,10.50,Margin of Error Median gross rent as a percentage of household income
420710001002,1500000US420710001002,42.20,Median gross rent as a percentage of household income
420710001002,1500000US420710001002,91.00,Margin of Error Median Gross Rent
420710001002,1500000US420710001002,787.00,Median gross rent
420710001002,1500000US420710001002,8946.00,Margin of Error Median household income in the past 12 months
420710001002,1500000US420710001002,25200.00,Median household income in the past 12 months
420710001002,1500000US420710001002,54170.37,Ideal median household Income - Actual median household Income
420710001002,1500000US420710001002,79370.37,Ideal Income
420710001002,1500000US420710001002,185129.00,Margin of Error Median value
420710001002,1500000US420710001002,214300.00,Median value
420710001003,1500000US420710001003,0.79,Ideal median household income/Actual median household income
420710001003,1500000US420710001003,5.10,Margin of Error Median gross rent as a percentage of household income
420710001003,1500000US420710001003,34.10,Median gross rent as a percentage of household income
420710001003,1500000US420710001003,79.00,Margin of Error Median Gross Rent
420710001003,1500000US420710001003,778.00,Median gross rent
420710001003,1500000US420710001003,5563.00,Margin of Error Median household income in the past 12 months
420710001003,1500000US420710001003,18501.04,Ideal median household Income - Actual median household Income
420710001003,1500000US420710001003,23536.00,Median household income in the past 12 months
420710001003,1500000US420710001003,42037.04,Ideal Income
420710001003,1500000US420710001003,42184.00,Margin of Error Median value
420710001003,1500000US420710001003,113500.00,Median value
420710002001,1500000US420710002001,-20817.63,Ideal median household Income - Actual median household Income
420710002001,1500000US420710002001,-0.36,Ideal median household income/Actual median household income
420710002001,1500000US420710002001,9916.00,Margin of Error Median value
420710002001,1500000US420710002001,11955.00,Margin of Error Median household income in the past 12 months
420710002001,1500000US420710002001,36370.37,Ideal Income
420710002001,1500000US420710002001,57188.00,Median household income in the past 12 months
420710002001,1500000US420710002001,98200.00,Median value
420710002001,1500000US420710002001,NA,Median gross rent
420710002001,1500000US420710002001,NA,Margin of Error Median Gross Rent
420710002001,1500000US420710002001,NA,Median gross rent as a percentage of household income
420710002001,1500000US420710002001,NA,Margin of Error Median gross rent as a percentage of household income
420710002002,1500000US420710002002,-15237.67,Ideal median household Income - Actual median household Income
420710002002,1500000US420710002002,-0.28,Ideal median household income/Actual median household income
420710002002,1500000US420710002002,12.10,Margin of Error Median gross rent as a percentage of household income
420710002002,1500000US420710002002,32.00,Median gross rent as a percentage of household income
420710002002,1500000US420710002002,67.00,Margin of Error Median Gross Rent
420710002002,1500000US420710002002,943.00,Median gross rent
420710002002,1500000US420710002002,3089.00,Margin of Error Median household income in the past 12 months
420710002002,1500000US420710002002,11209.00,Margin of Error Median value
420710002002,1500000US420710002002,38333.33,Ideal Income
420710002002,1500000US420710002002,53571.00,Median household income in the past 12 months
420710002002,1500000US420710002002,103500.00,Median value
420710003001,1500000US420710003001,-3007.15,Ideal median household Income - Actual median household Income
420710003001,1500000US420710003001,-0.06,Ideal median household income/Actual median household income
420710003001,1500000US420710003001,42.70,Margin of Error Median gross rent as a percentage of household income
420710003001,1500000US420710003001,46.70,Median gross rent as a percentage of household income
420710003001,1500000US420710003001,437.00,Margin of Error Median Gross Rent
420710003001,1500000US420710003001,881.00,Median gross rent
420710003001,1500000US420710003001,10080.00,Margin of Error Median value
420710003001,1500000US420710003001,33857.00,Margin of Error Median household income in the past 12 months
420710003001,1500000US420710003001,45851.85,Ideal Income
420710003001,1500000US420710003001,48859.00,Median household income in the past 12 months
420710003001,1500000US420710003001,123800.00,Median value
420710003002,1500000US420710003002,-15033.19,Ideal median household Income - Actual median household Income
420710003002,1500000US420710003002,-0.29,Ideal median household income/Actual median household income
420710003002,1500000US420710003002,4.50,Margin of Error Median gross rent as a percentage of household income
420710003002,1500000US420710003002,23.20,Median gross rent as a percentage of household income
420710003002,1500000US420710003002,91.00,Margin of Error Median Gross Rent
420710003002,1500000US420710003002,1016.00,Median gross rent
420710003002,1500000US420710003002,9200.00,Margin of Error Median household income in the past 12 months
420710003002,1500000US420710003002,17042.00,Margin of Error Median value
420710003002,1500000US420710003002,36814.81,Ideal Income
420710003002,1500000US420710003002,51848.00,Median household income in the past 12 months
420710003002,1500000US420710003002,99400.00,Median value
420710003003,1500000US420710003003,-3835.59,Ideal median household Income - Actual median household Income
420710003003,1500000US420710003003,-0.08,Ideal median household income/Actual median household income
420710003003,1500000US420710003003,9.70,Margin of Error Median gross rent as a percentage of household income
420710003003,1500000US420710003003,29.10,Median gross rent as a percentage of household income
420710003003,1500000US420710003003,62.00,Margin of Error Median Gross Rent
420710003003,1500000US420710003003,776.00,Median gross rent
420710003003,1500000US420710003003,12499.00,Margin of Error Median value
420710003003,1500000US420710003003,17159.00,Margin of Error Median household income in the past 12 months
420710003003,1500000US420710003003,41407.41,Ideal Income
420710003003,1500000US420710003003,45243.00,Median household income in the past 12 months
420710003003,1500000US420710003003,111800.00,Median value
420710003004,1500000US420710003004,0.05,Ideal median household income/Actual median household income
420710003004,1500000US420710003004,50.00,Median gross rent as a percentage of household income
420710003004,1500000US420710003004,147.00,Margin of Error Median Gross Rent
420710003004,1500000US420710003004,773.00,Median gross rent
420710003004,1500000US420710003004,2182.78,Ideal median household Income - Actual median household Income
420710003004,1500000US420710003004,11639.00,Margin of Error Median value
420710003004,1500000US420710003004,21654.00,Margin of Error Median household income in the past 12 months
420710003004,1500000US420710003004,40595.00,Median household income in the past 12 months
420710003004,1500000US420710003004,42777.78,Ideal Income
420710003004,1500000US420710003004,115500.00,Median value
420710003004,1500000US420710003004,NA,Margin of Error Median gross rent as a percentage of household income
420710004001,1500000US420710004001,-13029.48,Ideal median household Income - Actual median household Income
420710004001,1500000US420710004001,-0.24,Ideal median household income/Actual median household income
420710004001,1500000US420710004001,7.50,Margin of Error Median gross rent as a percentage of household income
420710004001,1500000US420710004001,19.50,Median gross rent as a percentage of household income
420710004001,1500000US420710004001,60.00,Margin of Error Median Gross Rent
420710004001,1500000US420710004001,767.00,Median gross rent
420710004001,1500000US420710004001,9149.00,Margin of Error Median household income in the past 12 months
420710004001,1500000US420710004001,17821.00,Margin of Error Median value
420710004001,1500000US420710004001,40518.52,Ideal Income
420710004001,1500000US420710004001,53548.00,Median household income in the past 12 months
420710004001,1500000US420710004001,109400.00,Median value
420710004002,1500000US420710004002,1.04,Ideal median household income/Actual median household income
420710004002,1500000US420710004002,48.00,Margin of Error Median Gross Rent
420710004002,1500000US420710004002,50.00,Median gross rent as a percentage of household income
420710004002,1500000US420710004002,788.00,Median gross rent
420710004002,1500000US420710004002,17492.00,Margin of Error Median household income in the past 12 months
420710004002,1500000US420710004002,21250.00,Median household income in the past 12 months
420710004002,1500000US420710004002,22009.26,Ideal median household Income - Actual median household Income
420710004002,1500000US420710004002,43259.26,Ideal Income
420710004002,1500000US420710004002,60787.00,Margin of Error Median value
420710004002,1500000US420710004002,116800.00,Median value
420710004002,1500000US420710004002,NA,Margin of Error Median gross rent as a percentage of household income
420710004003,1500000US420710004003,0.17,Ideal median household income/Actual median household income
420710004003,1500000US420710004003,4.60,Margin of Error Median gross rent as a percentage of household income
420710004003,1500000US420710004003,22.40,Median gross rent as a percentage of household income
420710004003,1500000US420710004003,129.00,Margin of Error Median Gross Rent
420710004003,1500000US420710004003,837.00,Median gross rent
420710004003,1500000US420710004003,9370.70,Ideal median household Income - Actual median household Income
420710004003,1500000US420710004003,22378.00,Margin of Error Median value
420710004003,1500000US420710004003,39942.00,Margin of Error Median household income in the past 12 months
420710004003,1500000US420710004003,56333.00,Median household income in the past 12 months
420710004003,1500000US420710004003,65703.70,Ideal Income
420710004003,1500000US420710004003,177400.00,Median value
420710004004,1500000US420710004004,2.56,Ideal median household income/Actual median household income
420710004004,1500000US420710004004,3.50,Margin of Error Median gross rent as a percentage of household income
420710004004,1500000US420710004004,26.10,Median gross rent as a percentage of household income
420710004004,1500000US420710004004,60.00,Margin of Error Median Gross Rent
420710004004,1500000US420710004004,369.00,Median gross rent
420710004004,1500000US420710004004,2899.00,Margin of Error Median household income in the past 12 months
420710004004,1500000US420710004004,13863.00,Margin of Error Median value
420710004004,1500000US420710004004,16850.00,Median household income in the past 12 months
420710004004,1500000US420710004004,43112.96,Ideal median household Income - Actual median household Income
420710004004,1500000US420710004004,59962.96,Ideal Income
420710004004,1500000US420710004004,161900.00,Median value
420710005001,1500000US420710005001,-12741.26,Ideal median household Income - Actual median household Income
420710005001,1500000US420710005001,-0.22,Ideal median household income/Actual median household income
420710005001,1500000US420710005001,9.10,Margin of Error Median gross rent as a percentage of household income
420710005001,1500000US420710005001,22.50,Median gross rent as a percentage of household income
420710005001,1500000US420710005001,167.00,Margin of Error Median Gross Rent
420710005001,1500000US420710005001,1173.00,Median gross rent
420710005001,1500000US420710005001,16469.00,Margin of Error Median value
420710005001,1500000US420710005001,24470.00,Margin of Error Median household income in the past 12 months
420710005001,1500000US420710005001,45740.74,Ideal Income
420710005001,1500000US420710005001,58482.00,Median household income in the past 12 months
420710005001,1500000US420710005001,123500.00,Median value
420710005002,1500000US420710005002,0.72,Ideal median household income/Actual median household income
420710005002,1500000US420710005002,12.70,Margin of Error Median gross rent as a percentage of household income
420710005002,1500000US420710005002,49.00,Median gross rent as a percentage of household income
420710005002,1500000US420710005002,108.00,Margin of Error Median Gross Rent
420710005002,1500000US420710005002,813.00,Median gross rent
420710005002,1500000US420710005002,8514.00,Margin of Error Median household income in the past 12 months
420710005002,1500000US420710005002,22865.74,Ideal median household Income - Actual median household Income
420710005002,1500000US420710005002,31875.00,Median household income in the past 12 months
420710005002,1500000US420710005002,54740.74,Ideal Income
420710005002,1500000US420710005002,60327.00,Margin of Error Median value
420710005002,1500000US420710005002,147800.00,Median value
420710005003,1500000US420710005003,0.12,Ideal median household income/Actual median household income
420710005003,1500000US420710005003,2.80,Margin of Error Median gross rent as a percentage of household income
420710005003,1500000US420710005003,21.40,Median gross rent as a percentage of household income
420710005003,1500000US420710005003,70.00,Margin of Error Median Gross Rent
420710005003,1500000US420710005003,760.00,Median gross rent
420710005003,1500000US420710005003,5513.89,Ideal median household Income - Actual median household Income
420710005003,1500000US420710005003,13942.00,Margin of Error Median household income in the past 12 months
420710005003,1500000US420710005003,14982.00,Margin of Error Median value
420710005003,1500000US420710005003,47375.00,Median household income in the past 12 months
420710005003,1500000US420710005003,52888.89,Ideal Income
420710005003,1500000US420710005003,142800.00,Median value
420710005004,1500000US420710005004,0.30,Ideal median household income/Actual median household income
420710005004,1500000US420710005004,40.00,Median gross rent as a percentage of household income
420710005004,1500000US420710005004,56.30,Margin of Error Median gross rent as a percentage of household income
420710005004,1500000US420710005004,787.00,Margin of Error Median Gross Rent
420710005004,1500000US420710005004,1075.00,Median gross rent
420710005004,1500000US420710005004,18319.78,Ideal median household Income - Actual median household Income
420710005004,1500000US420710005004,22339.00,Margin of Error Median value
420710005004,1500000US420710005004,26710.00,Margin of Error Median household income in the past 12 months
420710005004,1500000US420710005004,61458.00,Median household income in the past 12 months
420710005004,1500000US420710005004,79777.78,Ideal Income
420710005004,1500000US420710005004,215400.00,Median value
420710006001,1500000US420710006001,0.31,Ideal median household income/Actual median household income
420710006001,1500000US420710006001,6.30,Margin of Error Median gross rent as a percentage of household income
420710006001,1500000US420710006001,27.80,Median gross rent as a percentage of household income
420710006001,1500000US420710006001,187.00,Margin of Error Median Gross Rent
420710006001,1500000US420710006001,857.00,Median gross rent
420710006001,1500000US420710006001,10531.00,Margin of Error Median household income in the past 12 months
420710006001,1500000US420710006001,18959.26,Ideal median household Income - Actual median household Income
420710006001,1500000US420710006001,22356.00,Margin of Error Median value
420710006001,1500000US420710006001,61300.00,Median household income in the past 12 months
420710006001,1500000US420710006001,80259.26,Ideal Income
420710006001,1500000US420710006001,216700.00,Median value
420710006002,1500000US420710006002,-324.07,Ideal median household Income - Actual median household Income
420710006002,1500000US420710006002,-0.01,Ideal median household income/Actual median household income
420710006002,1500000US420710006002,1.30,Margin of Error Median gross rent as a percentage of household income
420710006002,1500000US420710006002,17.70,Median gross rent as a percentage of household income
420710006002,1500000US420710006002,410.00,Margin of Error Median Gross Rent
420710006002,1500000US420710006002,883.00,Median gross rent
420710006002,1500000US420710006002,11534.00,Margin of Error Median value
420710006002,1500000US420710006002,15919.00,Margin of Error Median household income in the past 12 months
420710006002,1500000US420710006002,50925.93,Ideal Income
420710006002,1500000US420710006002,51250.00,Median household income in the past 12 months
420710006002,1500000US420710006002,137500.00,Median value
420710006003,1500000US420710006003,0.39,Ideal median household income/Actual median household income
420710006003,1500000US420710006003,15.10,Margin of Error Median gross rent as a percentage of household income
420710006003,1500000US420710006003,26.90,Median gross rent as a percentage of household income
420710006003,1500000US420710006003,69.00,Margin of Error Median Gross Rent
420710006003,1500000US420710006003,816.00,Median gross rent
420710006003,1500000US420710006003,8096.00,Margin of Error Median value
420710006003,1500000US420710006003,14999.48,Ideal median household Income - Actual median household Income
420710006003,1500000US420710006003,17810.00,Margin of Error Median household income in the past 12 months
420710006003,1500000US420710006003,38482.00,Median household income in the past 12 months
420710006003,1500000US420710006003,53481.48,Ideal Income
420710006003,1500000US420710006003,144400.00,Median value
420710006004,1500000US420710006004,-5081.48,Ideal median household Income - Actual median household Income
420710006004,1500000US420710006004,-0.13,Ideal median household income/Actual median household income
420710006004,1500000US420710006004,9.30,Margin of Error Median gross rent as a percentage of household income
420710006004,1500000US420710006004,28.30,Median gross rent as a percentage of household income
420710006004,1500000US420710006004,221.00,Margin of Error Median Gross Rent
420710006004,1500000US420710006004,806.00,Median gross rent
420710006004,1500000US420710006004,11070.00,Margin of Error Median household income in the past 12 months
420710006004,1500000US420710006004,22437.00,Margin of Error Median value
420710006004,1500000US420710006004,34518.52,Ideal Income
420710006004,1500000US420710006004,39600.00,Median household income in the past 12 months
420710006004,1500000US420710006004,93200.00,Median value
420710007001,1500000US420710007001,0.08,Ideal median household income/Actual median household income
420710007001,1500000US420710007001,14.50,Margin of Error Median gross rent as a percentage of household income
420710007001,1500000US420710007001,32.60,Median gross rent as a percentage of household income
420710007001,1500000US420710007001,300.00,Margin of Error Median Gross Rent
420710007001,1500000US420710007001,892.00,Median gross rent
420710007001,1500000US420710007001,2822.85,Ideal median household Income - Actual median household Income
420710007001,1500000US420710007001,10243.00,Margin of Error Median household income in the past 12 months
420710007001,1500000US420710007001,24497.00,Margin of Error Median value
420710007001,1500000US420710007001,36029.00,Median household income in the past 12 months
420710007001,1500000US420710007001,38851.85,Ideal Income
420710007001,1500000US420710007001,104900.00,Median value
420710007002,1500000US420710007002,-7472.22,Ideal median household Income - Actual median household Income
420710007002,1500000US420710007002,-0.15,Ideal median household income/Actual median household income
420710007002,1500000US420710007002,27.10,Median gross rent as a percentage of household income
420710007002,1500000US420710007002,58.90,Margin of Error Median gross rent as a percentage of household income
420710007002,1500000US420710007002,259.00,Margin of Error Median Gross Rent
420710007002,1500000US420710007002,881.00,Median gross rent
420710007002,1500000US420710007002,16041.00,Margin of Error Median household income in the past 12 months
420710007002,1500000US420710007002,36946.00,Margin of Error Median value
420710007002,1500000US420710007002,40777.78,Ideal Income
420710007002,1500000US420710007002,48250.00,Median household income in the past 12 months
420710007002,1500000US420710007002,110100.00,Median value
420710007003,1500000US420710007003,0.64,Ideal median household income/Actual median household income
420710007003,1500000US420710007003,3.40,Margin of Error Median gross rent as a percentage of household income
420710007003,1500000US420710007003,28.30,Median gross rent as a percentage of household income
420710007003,1500000US420710007003,59.00,Margin of Error Median Gross Rent
420710007003,1500000US420710007003,750.00,Median gross rent
420710007003,1500000US420710007003,7253.00,Margin of Error Median household income in the past 12 months
420710007003,1500000US420710007003,25916.33,Ideal median household Income - Actual median household Income
420710007003,1500000US420710007003,40417.00,Median household income in the past 12 months
420710007003,1500000US420710007003,66333.33,Ideal Income
420710007003,1500000US420710007003,80038.00,Margin of Error Median value
420710007003,1500000US420710007003,179100.00,Median value
420710008001,1500000US420710008001,0.04,Ideal median household income/Actual median household income
420710008001,1500000US420710008001,1245.04,Ideal median household Income - Actual median household Income
420710008001,1500000US420710008001,18797.00,Margin of Error Median value
420710008001,1500000US420710008001,23093.00,Margin of Error Median household income in the past 12 months
420710008001,1500000US420710008001,34792.00,Median household income in the past 12 months
420710008001,1500000US420710008001,36037.04,Ideal Income
420710008001,1500000US420710008001,97300.00,Median value
420710008001,1500000US420710008001,NA,Median gross rent
420710008001,1500000US420710008001,NA,Margin of Error Median Gross Rent
420710008001,1500000US420710008001,NA,Median gross rent as a percentage of household income
420710008001,1500000US420710008001,NA,Margin of Error Median gross rent as a percentage of household income
420710008002,1500000US420710008002,-16360.78,Ideal median household Income - Actual median household Income
420710008002,1500000US420710008002,-0.33,Ideal median household income/Actual median household income
420710008002,1500000US420710008002,23.50,Median gross rent as a percentage of household income
420710008002,1500000US420710008002,24.90,Margin of Error Median gross rent as a percentage of household income
420710008002,1500000US420710008002,55.00,Margin of Error Median Gross Rent
420710008002,1500000US420710008002,914.00,Median gross rent
420710008002,1500000US420710008002,10838.00,Margin of Error Median household income in the past 12 months
420710008002,1500000US420710008002,16750.00,Margin of Error Median value
420710008002,1500000US420710008002,33222.22,Ideal Income
420710008002,1500000US420710008002,49583.00,Median household income in the past 12 months
420710008002,1500000US420710008002,89700.00,Median value
420710008003,1500000US420710008003,-7919.04,Ideal median household Income - Actual median household Income
420710008003,1500000US420710008003,-0.20,Ideal median household income/Actual median household income
420710008003,1500000US420710008003,25.60,Margin of Error Median gross rent as a percentage of household income
420710008003,1500000US420710008003,29.00,Median gross rent as a percentage of household income
420710008003,1500000US420710008003,148.00,Margin of Error Median Gross Rent
420710008003,1500000US420710008003,794.00,Median gross rent
420710008003,1500000US420710008003,7227.00,Margin of Error Median value
420710008003,1500000US420710008003,14399.00,Margin of Error Median household income in the past 12 months
420710008003,1500000US420710008003,30962.96,Ideal Income
420710008003,1500000US420710008003,38882.00,Median household income in the past 12 months
420710008003,1500000US420710008003,83600.00,Median value
420710008004,1500000US420710008004,0.67,Ideal median household income/Actual median household income
420710008004,1500000US420710008004,8.70,Margin of Error Median gross rent as a percentage of household income
420710008004,1500000US420710008004,38.70,Median gross rent as a percentage of household income
420710008004,1500000US420710008004,219.00,Margin of Error Median Gross Rent
420710008004,1500000US420710008004,759.00,Median gross rent
420710008004,1500000US420710008004,3246.00,Margin of Error Median household income in the past 12 months
420710008004,1500000US420710008004,13850.56,Ideal median household Income - Actual median household Income
420710008004,1500000US420710008004,20705.00,Median household income in the past 12 months
420710008004,1500000US420710008004,34555.56,Ideal Income
420710008004,1500000US420710008004,52349.00,Margin of Error Median value
420710008004,1500000US420710008004,93300.00,Median value
420710009001,1500000US420710009001,15.10,Margin of Error Median gross rent as a percentage of household income
420710009001,1500000US420710009001,40.80,Median gross rent as a percentage of household income
420710009001,1500000US420710009001,217.00,Margin of Error Median Gross Rent
420710009001,1500000US420710009001,775.00,Median gross rent
420710009001,1500000US420710009001,8838.00,Margin of Error Median household income in the past 12 months
420710009001,1500000US420710009001,22438.00,Median household income in the past 12 months
420710009001,1500000US420710009001,NA,Median value
420710009001,1500000US420710009001,NA,Margin of Error Median value
420710009001,1500000US420710009001,NA,Ideal Income
420710009001,1500000US420710009001,NA,Ideal median household Income - Actual median household Income
420710009001,1500000US420710009001,NA,Ideal median household income/Actual median household income
420710009002,1500000US420710009002,0.60,Ideal median household income/Actual median household income
420710009002,1500000US420710009002,50.00,Median gross rent as a percentage of household income
420710009002,1500000US420710009002,110.00,Margin of Error Median Gross Rent
420710009002,1500000US420710009002,838.00,Median gross rent
420710009002,1500000US420710009002,6175.00,Margin of Error Median value
420710009002,1500000US420710009002,8652.00,Margin of Error Median household income in the past 12 months
420710009002,1500000US420710009002,10162.04,Ideal median household Income - Actual median household Income
420710009002,1500000US420710009002,16875.00,Median household income in the past 12 months
420710009002,1500000US420710009002,27037.04,Ideal Income
420710009002,1500000US420710009002,73000.00,Median value
420710009002,1500000US420710009002,NA,Margin of Error Median gross rent as a percentage of household income
420710009003,1500000US420710009003,5.70,Margin of Error Median gross rent as a percentage of household income
420710009003,1500000US420710009003,32.80,Median gross rent as a percentage of household income
420710009003,1500000US420710009003,204.00,Margin of Error Median Gross Rent
420710009003,1500000US420710009003,424.00,Median gross rent
420710009003,1500000US420710009003,2672.00,Margin of Error Median household income in the past 12 months
420710009003,1500000US420710009003,13525.00,Median household income in the past 12 months
420710009003,1500000US420710009003,NA,Median value
420710009003,1500000US420710009003,NA,Margin of Error Median value
420710009003,1500000US420710009003,NA,Ideal Income
420710009003,1500000US420710009003,NA,Ideal median household Income - Actual median household Income
420710009003,1500000US420710009003,NA,Ideal median household income/Actual median household income
420710009004,1500000US420710009004,0.03,Ideal median household income/Actual median household income
420710009004,1500000US420710009004,6.20,Margin of Error Median gross rent as a percentage of household income
420710009004,1500000US420710009004,31.20,Median gross rent as a percentage of household income
420710009004,1500000US420710009004,419.00,Margin of Error Median Gross Rent
420710009004,1500000US420710009004,633.00,Median gross rent
420710009004,1500000US420710009004,1092.59,Ideal median household Income - Actual median household Income
420710009004,1500000US420710009004,12747.00,Margin of Error Median household income in the past 12 months
420710009004,1500000US420710009004,35500.00,Median household income in the past 12 months
420710009004,1500000US420710009004,36592.59,Ideal Income
420710009004,1500000US420710009004,98669.00,Margin of Error Median value
420710009004,1500000US420710009004,98800.00,Median value
420710010001,1500000US420710010001,-8884.96,Ideal median household Income - Actual median household Income
420710010001,1500000US420710010001,-0.30,Ideal median household income/Actual median household income
420710010001,1500000US420710010001,23.30,Margin of Error Median gross rent as a percentage of household income
420710010001,1500000US420710010001,41.00,Median gross rent as a percentage of household income
420710010001,1500000US420710010001,81.00,Margin of Error Median Gross Rent
420710010001,1500000US420710010001,794.00,Median gross rent
420710010001,1500000US420710010001,6455.00,Margin of Error Median value
420710010001,1500000US420710010001,20060.00,Margin of Error Median household income in the past 12 months
420710010001,1500000US420710010001,21037.04,Ideal Income
420710010001,1500000US420710010001,29922.00,Median household income in the past 12 months
420710010001,1500000US420710010001,56800.00,Median value
420710010002,1500000US420710010002,-1991.07,Ideal median household Income - Actual median household Income
420710010002,1500000US420710010002,-0.06,Ideal median household income/Actual median household income
420710010002,1500000US420710010002,50.00,Median gross rent as a percentage of household income
420710010002,1500000US420710010002,54.00,Margin of Error Median Gross Rent
420710010002,1500000US420710010002,812.00,Median gross rent
420710010002,1500000US420710010002,18476.00,Margin of Error Median household income in the past 12 months
420710010002,1500000US420710010002,29925.93,Ideal Income
420710010002,1500000US420710010002,31917.00,Median household income in the past 12 months
420710010002,1500000US420710010002,34902.00,Margin of Error Median value
420710010002,1500000US420710010002,80800.00,Median value
420710010002,1500000US420710010002,NA,Margin of Error Median gross rent as a percentage of household income
420710010003,1500000US420710010003,-15600.81,Ideal median household Income - Actual median household Income
420710010003,1500000US420710010003,-0.33,Ideal median household income/Actual median household income
420710010003,1500000US420710010003,23.90,Median gross rent as a percentage of household income
420710010003,1500000US420710010003,24.00,Margin of Error Median gross rent as a percentage of household income
420710010003,1500000US420710010003,359.00,Margin of Error Median Gross Rent
420710010003,1500000US420710010003,890.00,Median gross rent
420710010003,1500000US420710010003,4376.00,Margin of Error Median value
420710010003,1500000US420710010003,15606.00,Margin of Error Median household income in the past 12 months
420710010003,1500000US420710010003,31185.19,Ideal Income
420710010003,1500000US420710010003,46786.00,Median household income in the past 12 months
420710010003,1500000US420710010003,84200.00,Median value
420710010004,1500000US420710010004,-6500.15,Ideal median household Income - Actual median household Income
420710010004,1500000US420710010004,-0.22,Ideal median household income/Actual median household income
420710010004,1500000US420710010004,11.70,Margin of Error Median gross rent as a percentage of household income
420710010004,1500000US420710010004,31.70,Median gross rent as a percentage of household income
420710010004,1500000US420710010004,187.00,Margin of Error Median Gross Rent
420710010004,1500000US420710010004,690.00,Median gross rent
420710010004,1500000US420710010004,4784.00,Margin of Error Median household income in the past 12 months
420710010004,1500000US420710010004,22851.85,Ideal Income
420710010004,1500000US420710010004,29352.00,Median household income in the past 12 months
420710010004,1500000US420710010004,38835.00,Margin of Error Median value
420710010004,1500000US420710010004,61700.00,Median value
420710011001,1500000US420710011001,0.08,Ideal median household income/Actual median household income
420710011001,1500000US420710011001,7.90,Margin of Error Median gross rent as a percentage of household income
420710011001,1500000US420710011001,44.00,Median gross rent as a percentage of household income
420710011001,1500000US420710011001,94.00,Margin of Error Median Gross Rent
420710011001,1500000US420710011001,633.00,Median gross rent
420710011001,1500000US420710011001,2618.15,Ideal median household Income - Actual median household Income
420710011001,1500000US420710011001,9349.00,Margin of Error Median value
420710011001,1500000US420710011001,12261.00,Margin of Error Median household income in the past 12 months
420710011001,1500000US420710011001,32530.00,Median household income in the past 12 months
420710011001,1500000US420710011001,35148.15,Ideal Income
420710011001,1500000US420710011001,94900.00,Median value
420710011002,1500000US420710011002,-12036.70,Ideal median household Income - Actual median household Income
420710011002,1500000US420710011002,-0.23,Ideal median household income/Actual median household income
420710011002,1500000US420710011002,27.10,Margin of Error Median gross rent as a percentage of household income
420710011002,1500000US420710011002,48.60,Median gross rent as a percentage of household income
420710011002,1500000US420710011002,492.00,Margin of Error Median Gross Rent
420710011002,1500000US420710011002,1125.00,Median gross rent
420710011002,1500000US420710011002,14210.00,Margin of Error Median value
420710011002,1500000US420710011002,21090.00,Margin of Error Median household income in the past 12 months
420710011002,1500000US420710011002,41296.30,Ideal Income
420710011002,1500000US420710011002,53333.00,Median household income in the past 12 months
420710011002,1500000US420710011002,111500.00,Median value
420710011003,1500000US420710011003,-20193.81,Ideal median household Income - Actual median household Income
420710011003,1500000US420710011003,-0.39,Ideal median household income/Actual median household income
420710011003,1500000US420710011003,22.10,Median gross rent as a percentage of household income
420710011003,1500000US420710011003,25.40,Margin of Error Median gross rent as a percentage of household income
420710011003,1500000US420710011003,277.00,Margin of Error Median Gross Rent
420710011003,1500000US420710011003,647.00,Median gross rent
420710011003,1500000US420710011003,3868.00,Margin of Error Median value
420710011003,1500000US420710011003,6792.00,Margin of Error Median household income in the past 12 months
420710011003,1500000US420710011003,31185.19,Ideal Income
420710011003,1500000US420710011003,51379.00,Median household income in the past 12 months
420710011003,1500000US420710011003,84200.00,Median value
420710012001,1500000US420710012001,-22902.26,Ideal median household Income - Actual median household Income
420710012001,1500000US420710012001,-0.38,Ideal median household income/Actual median household income
420710012001,1500000US420710012001,1.90,Margin of Error Median gross rent as a percentage of household income
420710012001,1500000US420710012001,22.50,Median gross rent as a percentage of household income
420710012001,1500000US420710012001,24.00,Margin of Error Median Gross Rent
420710012001,1500000US420710012001,1110.00,Median gross rent
420710012001,1500000US420710012001,12284.00,Margin of Error Median household income in the past 12 months
420710012001,1500000US420710012001,15146.00,Margin of Error Median value
420710012001,1500000US420710012001,36740.74,Ideal Income
420710012001,1500000US420710012001,59643.00,Median household income in the past 12 months
420710012001,1500000US420710012001,99200.00,Median value
420710012002,1500000US420710012002,-9668.89,Ideal median household Income - Actual median household Income
420710012002,1500000US420710012002,-0.18,Ideal median household income/Actual median household income
420710012002,1500000US420710012002,5.40,Margin of Error Median gross rent as a percentage of household income
420710012002,1500000US420710012002,26.30,Median gross rent as a percentage of household income
420710012002,1500000US420710012002,115.00,Margin of Error Median Gross Rent
420710012002,1500000US420710012002,919.00,Median gross rent
420710012002,1500000US420710012002,5732.00,Margin of Error Median value
420710012002,1500000US420710012002,6999.00,Margin of Error Median household income in the past 12 months
420710012002,1500000US420710012002,44111.11,Ideal Income
420710012002,1500000US420710012002,53780.00,Median household income in the past 12 months
420710012002,1500000US420710012002,119100.00,Median value
420710012003,1500000US420710012003,-2545.89,Ideal median household Income - Actual median household Income
420710012003,1500000US420710012003,-0.06,Ideal median household income/Actual median household income
420710012003,1500000US420710012003,14.80,Margin of Error Median gross rent as a percentage of household income
420710012003,1500000US420710012003,35.40,Median gross rent as a percentage of household income
420710012003,1500000US420710012003,71.00,Margin of Error Median Gross Rent
420710012003,1500000US420710012003,895.00,Median gross rent
420710012003,1500000US420710012003,5322.00,Margin of Error Median household income in the past 12 months
420710012003,1500000US420710012003,13589.00,Margin of Error Median value
420710012003,1500000US420710012003,37111.11,Ideal Income
420710012003,1500000US420710012003,39657.00,Median household income in the past 12 months
420710012003,1500000US420710012003,100200.00,Median value
420710012004,1500000US420710012004,-9155.44,Ideal median household Income - Actual median household Income
420710012004,1500000US420710012004,-0.20,Ideal median household income/Actual median household income
420710012004,1500000US420710012004,26.00,Median gross rent as a percentage of household income
420710012004,1500000US420710012004,32.00,Margin of Error Median gross rent as a percentage of household income
420710012004,1500000US420710012004,80.00,Margin of Error Median Gross Rent
420710012004,1500000US420710012004,729.00,Median gross rent
420710012004,1500000US420710012004,10765.00,Margin of Error Median household income in the past 12 months
420710012004,1500000US420710012004,20606.00,Margin of Error Median value
420710012004,1500000US420710012004,37555.56,Ideal Income
420710012004,1500000US420710012004,46711.00,Median household income in the past 12 months
420710012004,1500000US420710012004,101400.00,Median value
420710014001,1500000US420710014001,-21586.15,Ideal median household Income - Actual median household Income
420710014001,1500000US420710014001,-0.50,Ideal median household income/Actual median household income
420710014001,1500000US420710014001,19.70,Median gross rent as a percentage of household income
420710014001,1500000US420710014001,20.60,Margin of Error Median gross rent as a percentage of household income
420710014001,1500000US420710014001,186.00,Margin of Error Median Gross Rent
420710014001,1500000US420710014001,763.00,Median gross rent
420710014001,1500000US420710014001,17197.00,Margin of Error Median value
420710014001,1500000US420710014001,21851.85,Ideal Income
420710014001,1500000US420710014001,33360.00,Margin of Error Median household income in the past 12 months
420710014001,1500000US420710014001,43438.00,Median household income in the past 12 months
420710014001,1500000US420710014001,59000.00,Median value
420710014002,1500000US420710014002,0.02,Ideal median household income/Actual median household income
420710014002,1500000US420710014002,50.00,Median gross rent as a percentage of household income
420710014002,1500000US420710014002,74.00,Margin of Error Median Gross Rent
420710014002,1500000US420710014002,582.93,Ideal median household Income - Actual median household Income
420710014002,1500000US420710014002,933.00,Median gross rent
420710014002,1500000US420710014002,13186.00,Margin of Error Median household income in the past 12 months
420710014002,1500000US420710014002,22250.00,Margin of Error Median value
420710014002,1500000US420710014002,31343.00,Median household income in the past 12 months
420710014002,1500000US420710014002,31925.93,Ideal Income
420710014002,1500000US420710014002,86200.00,Median value
420710014002,1500000US420710014002,NA,Margin of Error Median gross rent as a percentage of household income
420710014003,1500000US420710014003,-4756.78,Ideal median household Income - Actual median household Income
420710014003,1500000US420710014003,-0.13,Ideal median household income/Actual median household income
420710014003,1500000US420710014003,19.40,Median gross rent as a percentage of household income
420710014003,1500000US420710014003,19.40,Margin of Error Median gross rent as a percentage of household income
420710014003,1500000US420710014003,118.00,Margin of Error Median Gross Rent
420710014003,1500000US420710014003,864.00,Median gross rent
420710014003,1500000US420710014003,16589.00,Margin of Error Median household income in the past 12 months
420710014003,1500000US420710014003,19090.00,Margin of Error Median value
420710014003,1500000US420710014003,32222.22,Ideal Income
420710014003,1500000US420710014003,36979.00,Median household income in the past 12 months
420710014003,1500000US420710014003,87000.00,Median value
420710014004,1500000US420710014004,-2509.26,Ideal median household Income - Actual median household Income
420710014004,1500000US420710014004,-0.08,Ideal median household income/Actual median household income
420710014004,1500000US420710014004,50.00,Median gross rent as a percentage of household income
420710014004,1500000US420710014004,202.00,Margin of Error Median Gross Rent
420710014004,1500000US420710014004,935.00,Median gross rent
420710014004,1500000US420710014004,10986.00,Margin of Error Median household income in the past 12 months
420710014004,1500000US420710014004,19140.00,Margin of Error Median value
420710014004,1500000US420710014004,28740.74,Ideal Income
420710014004,1500000US420710014004,31250.00,Median household income in the past 12 months
420710014004,1500000US420710014004,77600.00,Median value
420710014004,1500000US420710014004,NA,Margin of Error Median gross rent as a percentage of household income
420710118052,1500000US420710118052,0.08,Ideal median household income/Actual median household income
420710118052,1500000US420710118052,50.00,Median gross rent as a percentage of household income
420710118052,1500000US420710118052,111.00,Margin of Error Median Gross Rent
420710118052,1500000US420710118052,1045.00,Median gross rent
420710118052,1500000US420710118052,4902.78,Ideal median household Income - Actual median household Income
420710118052,1500000US420710118052,21695.00,Margin of Error Median household income in the past 12 months
420710118052,1500000US420710118052,61875.00,Median household income in the past 12 months
420710118052,1500000US420710118052,64134.00,Margin of Error Median value
420710118052,1500000US420710118052,66777.78,Ideal Income
420710118052,1500000US420710118052,180300.00,Median value
420710118052,1500000US420710118052,NA,Margin of Error Median gross rent as a percentage of household income
420710147001,1500000US420710147001,-18565.15,Ideal median household Income - Actual median household Income
420710147001,1500000US420710147001,-0.40,Ideal median household income/Actual median household income
420710147001,1500000US420710147001,24.40,Median gross rent as a percentage of household income
420710147001,1500000US420710147001,31.20,Margin of Error Median gross rent as a percentage of household income
420710147001,1500000US420710147001,112.00,Margin of Error Median Gross Rent
420710147001,1500000US420710147001,945.00,Median gross rent
420710147001,1500000US420710147001,10952.00,Margin of Error Median value
420710147001,1500000US420710147001,18809.00,Margin of Error Median household income in the past 12 months
420710147001,1500000US420710147001,27851.85,Ideal Income
420710147001,1500000US420710147001,46417.00,Median household income in the past 12 months
420710147001,1500000US420710147001,75200.00,Median value
420710147002,1500000US420710147002,-6471.19,Ideal median household Income - Actual median household Income
420710147002,1500000US420710147002,-0.22,Ideal median household income/Actual median household income
420710147002,1500000US420710147002,6.60,Margin of Error Median gross rent as a percentage of household income
420710147002,1500000US420710147002,30.50,Median gross rent as a percentage of household income
420710147002,1500000US420710147002,267.00,Margin of Error Median Gross Rent
420710147002,1500000US420710147002,505.00,Median gross rent
420710147002,1500000US420710147002,7723.00,Margin of Error Median value
420710147002,1500000US420710147002,13023.00,Margin of Error Median household income in the past 12 months
420710147002,1500000US420710147002,22814.81,Ideal Income
420710147002,1500000US420710147002,29286.00,Median household income in the past 12 months
420710147002,1500000US420710147002,61600.00,Median value
420710147003,1500000US420710147003,-1715.11,Ideal median household Income - Actual median household Income
420710147003,1500000US420710147003,-0.05,Ideal median household income/Actual median household income
420710147003,1500000US420710147003,49.00,Margin of Error Median Gross Rent
420710147003,1500000US420710147003,50.00,Median gross rent as a percentage of household income
420710147003,1500000US420710147003,958.00,Median gross rent
420710147003,1500000US420710147003,18772.00,Margin of Error Median value
420710147003,1500000US420710147003,24684.00,Margin of Error Median household income in the past 12 months
420710147003,1500000US420710147003,35888.89,Ideal Income
420710147003,1500000US420710147003,37604.00,Median household income in the past 12 months
420710147003,1500000US420710147003,96900.00,Median value
420710147003,1500000US420710147003,NA,Margin of Error Median gross rent as a percentage of household income
